alg, alpha, beta_in_MB, r_squared
ring, 0.007567, 0.024302, 0.999030
recur_hd, 0.021358, 0.024712, 0.999947
